PC_1,PC_2,PC_3,PC_4,Survived
-1.2895612825569527,0.1668128401388251,0.7097713831261222,0.16567597609899345,0
1.9742809271327089,-0.7728239113626065,-0.5592978462337491,-0.9604688179642017,1
-1.1601953600679638,0.3276934031528479,-0.048653041719740164,-0.8192418657770019,1
1.2086114117457805,-0.7209755384918409,-0.6458644963000941,-1.0563161339514573,1
-1.2164793759274926,-0.3130161360502752,0.4025961992440781,0.4242548057412114,0
-1.2239846157153118,-0.014790493363936291,0.5995056346502908,0.26693948961405833,0
1.1262577438181245,-1.7372547961663745,-0.4482064740312052,0.38211200984175014,0
-0.6910676483074224,1.5262702113465656,0.6802345554850101,0.2913233266299307,0
-0.8545423821197955,1.4450880631752996,-1.312398943325416,0.19337459371347235,1
-0.04468261244347666,0.4142494004750307,0.047636042453777935,-1.2648221668648445,1
-0.7779212958841806,1.7448525454668875,-0.07403307384459362,-0.7432784202919974,1
0.17445821892209776,-1.6613904539377649,-1.433970614365657,-0.6550377071365054,1
-1.2624016177134394,0.24365246181152356,0.7651042184926351,0.12774989575141427,0
0.18479208497926414,2.4745432549845345,-2.660011954320083,3.016005232845832,0
-1.199878666288444,0.7727966643790206,0.2407340123763022,-1.0565880935959597,0
-0.5045533632815413,-1.153343035005324,-1.0663111454623329,-0.48265609661332315,1
-0.3561611797571961,1.552605202296932,0.7506562855353459,0.3075028973686762,0
-0.8163684484143049,-0.2827149508255203,0.3484557199890771,-0.055887068329156825,1
-0.7257348193513014,0.17509683539662957,-0.08135253506050609,-0.7001573087999255,0
-1.2015635928239485,0.47384836336958513,0.04189213471317878,-0.8997167609689568,1
-0.23878791074294686,-0.6855212723007031,0.17217383759077387,0.20744535899233188,0
-0.7826921377712781,-0.690938589257506,0.08261650587346851,0.16154986566336094,1
-1.1895366080994487,0.7362579243248365,0.21809771826807212,-1.0364693697979717,1
0.3659253911838001,-0.8258912914782257,0.03700093846977809,-0.1647165703160579,1
-0.5836609796596168,1.6107200811187954,-0.13242919960235952,-0.6554171993280086,0
0.275448744029061,2.8191398393467524,-3.3025211458122885,1.9311218609060823,1
-1.2783554336144567,0.018286095022822902,0.6128838769681769,0.24469370498218057,0
9.972235736569925,1.396369790689226,0.9770400372655307,1.1010303748040122,0
-1.1682237562306805,0.4017660514906697,-0.0007192994310681255,-0.8588679064886663,1
-1.2596323963687275,0.13181428812679824,0.6912536667207163,0.18674095354963133,0
0.07902288645778435,-1.2966752581653151,-0.3210582374765922,0.05685206367691663,0
5.136207294299447,-0.8989222929912444,-0.14308858290341525,-0.6133026657407306,1
-1.19196779775707,0.6240108222092045,0.14315366137114927,-0.9777295475702308,1
-0.7887329086745801,-1.8866768333141364,-0.7126040376902238,0.7890689622320463,0
2.3075841256451537,-0.6732111553730888,0.44527901037452505,-0.0709136498149598,0
1.0952404024919336,-1.2914700966029384,-0.1569972029948535,0.14518444097743788,0
-1.3026725620906163,0.31518975387772735,0.8062582290062741,0.08656619450279017,1
-1.2593401349277094,0.20654122195407074,0.7409370172093969,0.14751688975073257,0
-0.7655340955657881,0.6575429535435217,0.23282108162157694,-0.9571282307910827,0
-1.058947528125228,0.7838786248565821,0.2703680012639434,-1.0497796096360221,1
-1.052849504638824,-0.18679324230825983,-0.37343439613499607,-0.5393886287126073,0
-0.382258441188666,-0.0978711817603804,-0.34588930453148464,-1.0260825057751815,0
0.5695440229596304,2.004132113741846,-0.8534938286486067,-0.4727273924980506,1
-1.1835311701593294,0.5873222507779359,0.12011670698511724,-0.9577028764852656,1
-1.2317867898561412,-0.12745993676300854,0.5234322056602628,0.3254198357446108,0
-0.9524571219744096,0.26802459629354003,0.8302771239429451,0.14272353575186664,0
-1.1644144526855023,0.2900096634921252,-0.07435115017798502,-0.7998266015763525,1
-0.7076280157924149,0.4366843602054028,0.9810018240233512,0.07607503845133981,0
-0.7738547531695203,0.6568886680540716,0.23107147342156845,-0.9575302077038467,0
0.09858096386856614,1.4016034554212489,0.7222214621821005,0.42756727307061637,0
-1.2697409569323745,0.20572336509225814,0.7387500069593866,0.14701441860977787,0
2.2345245839965564,-1.1632316830596159,-0.7774961038672286,-0.732086253625581,1
-0.16811903552389823,-0.15573652423903464,-0.3504835020977501,-0.976499094957445,1
1.66537987146563,-1.5403772949423151,-1.2593669018931275,1.1130829194235865,0
0.4210320813269353,-1.4938936089123842,-0.39800868462849054,0.19108932167169843,1
-0.8374618620989915,0.09044626918820906,-0.29274052733249956,-1.1657882576912026,1
-1.270526992840454,-0.07447826462553185,0.5525026155322843,0.29411963149564824,0
0.00032679786341454216,1.8846684095734234,-1.0228066398128577,-0.4609885001093811,1
0.49544844295216645,1.8487587560551757,0.05482538263051688,1.01433211790697,0
-1.290426630947697,0.16674479444791432,0.7095894238733256,0.1656341705000696,0
2.3369243078049675,-0.744307859733163,-0.48304379724868374,-0.9429492571867587,1
2.4138883412364978,-1.2998356372730901,0.04584578363174805,0.2677465396216101,0
-0.31644440890251274,2.04638031355959,0.05778301261238433,0.8377753531991647,0
0.15249847331529784,-2.1873450147441935,-0.9010710682742834,0.5312599196605915,0
-0.9182741208971562,1.321644207183787,0.508404468471381,0.37844227752711396,1
-0.8129699998131538,-0.2064436496714169,-0.48607813759839663,-1.0076523056966444,1
-1.2609574644067474,0.28111799726151426,0.790218832616176,0.10820057225035472,0
-1.0186330389273652,1.8057047410708185,-1.0987932704334786,-0.010743658925826995,1
-1.2185507070876307,0.022988771978245427,0.6254591859057368,0.24758291404267088,0
-0.8928233233893915,-0.6248946781607259,0.10908080593983861,0.11699116625517307,0
0.5997936288142419,1.970319865684858,-0.7336711711736151,0.047824597949710786,0
1.694507511143265,-0.010571110551960942,0.9260466030580753,0.02617695978327183,0
-0.9775969438699477,0.04193589832448589,0.6761252149656783,0.2592235624709432,0
0.7898407464097962,-0.043195496653908566,0.8989036477736099,0.46232428934512804,1
-1.263735518992255,0.05678769154535753,0.6407689956764318,0.22578091192248412,0
-1.2596323963687275,0.13181428812679824,0.6912536667207163,0.18674095354963133,0
-1.237909755427601,-0.053237457048102024,0.5717666082267372,0.28588584774597114,0
-0.04947324726317864,1.736394255171117,-0.2434338118237602,0.5244379805720878,1
-0.9586544684401367,0.19413343860802393,-0.10551826030249944,-0.731028915014347,1
-1.2167555285242513,0.17253783817150556,0.7250804548761995,0.16919327408568086,0
-1.174523505014812,-0.08560512710704209,0.5602840663935603,0.3085671743628289,1
-1.1506083982418838,0.1416873825915842,-0.17069190377343216,-0.7206832549079302,1
0.848523532200275,-0.7879427330901203,0.13847821407026206,-0.1414019093757539,0
-0.84970779324191,0.23889122861802223,-0.19607172219955107,-1.244856233688482,1
-0.8090589230199643,0.09384078667013455,-0.14849522577707006,-0.6649445726134974,1
0.07423250755316248,2.194233017591544,-0.8094023574426273,1.58119386016426,0
-1.2624016177134394,0.243652461811524,0.7651042184926342,0.1277498957514128,0
10.073519439646272,1.555042140176362,0.2127106847446354,0.11475586084743372,1
-1.2501556865705201,0.09520750238171095,0.6684354133596857,0.20681787174869212,0
-1.2348482726418712,-0.09034869690555528,0.5475994069435001,0.3056528417452911,0
-1.2705475415074927,0.24301191631735225,0.7633913520648259,0.12735636035381695,0
1.4891965012060728,-1.4098997092042285,-0.17340273195241956,0.24269310784775924,0
-0.5538358723531551,1.2059698306445088,-0.5379748159441381,1.257926816754224,0
-1.176286419484908,-1.206303034586953,-0.18441506435364755,0.8970547540738293,0
-1.2562786521419795,0.16942998209661758,0.7167698159261598,0.16728388375005235,0
0.4623810899639948,-2.4244415786835996,-1.0095878097872544,0.6835642112906151,0
1.5941726889715173,0.02280640466322413,-0.23228002465401032,0.2856410032541181,1
-0.19306365254514998,0.22089808373239367,-1.131386151645497,-0.3904932022297763,1
-0.2418493935286764,-0.64841003244325,0.19634103887401094,0.187678364993012,0
-1.1552872105066514,0.25337539775648105,-0.09724288708341627,-0.7797665664076279,0
-1.241263499654349,-0.09085315101792131,0.5462504590212935,0.30534291754555015,0
2.1675502428695994,0.14259725157637176,-0.062092409389755084,0.2741030993218304,0
-1.197465634878077,-0.2368170598717395,0.45621616818277655,0.3859351899960298,0
-1.2155568213583658,-0.3876475441960875,0.35316829155259755,0.463537558169372,0
-1.2443249824400786,-0.05374191116046809,0.5704176603045306,0.28557592354623035,0
-1.1869436782017473,0.5123499598921197,0.06977725342143355,-0.9186295540286531,1
-1.2462891768470037,-0.09124833945354914,0.5451936956684884,0.30510012349024074,1
-1.2137101545827815,-0.4248543097350004,0.3287456474721593,0.48324586353942817,0
-0.4790590463937214,0.30654983376957945,0.04494952093946217,-0.7470975007303957,1
1.1105478164205824,-1.4770262958902043,-0.2778332094110394,0.24401941097403673,0
-0.9237662239724127,0.7758324656021475,0.28638748233495903,-1.0334393584750923,0
-1.2562786521419795,0.16942998209661758,0.7167698159261598,0.16728388375005235,0
-1.099518009546887,0.5565765544473427,0.11297144387976141,-0.9340250491016662,0
-0.9159419435272117,0.6830677788110479,0.22600534609496623,-0.9840136329500812,0
-1.2645405459300425,0.20613229352316445,0.7398435120843919,0.14726565418025525,0
-1.1202777234396852,-1.6314465792240405,-0.45796385861085365,1.1253801273479165,0
-0.46517324755063366,-0.47921097039223615,0.2734368402899881,0.07879397217731648,0
9.258999701494023,0.5881694220600344,1.354613874732936,0.675553363237812,0
-0.09311850547756204,2.4387611698259164,-0.5320184938339474,-0.26031776435044285,0
1.694507511143265,-0.010571110551960942,0.9260466030580753,0.02617695978327183,0
-1.265463100499169,0.2807637016689771,0.7892714197758713,0.10798290175209307,0
-0.07708295284090348,-0.579425845804803,0.2682033661018364,0.16620971207642782,0
-0.6982465900164453,-0.3281544205543771,-0.5487932395896223,-0.9334431152894767,1
2.268579174798681,-1.0820736637195851,-0.8596100517365803,0.9264139012993841,0
-1.1541082656301151,0.5509837956545394,0.9863629512183644,-0.023971107680803384,1
-1.2779440869047674,0.27978227343480205,0.7866470074758587,0.1073799363829473,0
-1.2879439530778705,0.09223606483137337,0.6604895677193477,0.2049922935993749,1
-0.5486403768596468,1.8375857431065719,0.023800369112416717,-0.7714398784631783,1
-1.2305880826902567,-0.6876453191306012,0.15152004233666092,0.6197641198283019,0
-1.22901756851143,-0.23929811044773427,0.44958165388834487,0.38441089354282926,0
-1.3040049057321006,0.2403810343642734,0.7563561774925924,0.12574001118759348,0
-0.8223626028449416,-0.4301329983879989,-0.4986458990924462,-0.3909200007841762,0
-0.16811903552389823,-0.15573652423903464,-0.3504835020977501,-0.976499094957445,1
-0.8102454828428458,-0.3569374305404267,0.3001213174226028,-0.016353080330517158,0
-0.7312564417857267,-0.27602226455393525,0.3663524622669624,-0.051775246488495304,0
0.21308045957622967,0.9290855900036215,-1.7614279071169912,-0.4400853564780924,1
1.1256966053838122,-1.102315327123697,-0.02653835147862191,0.0485603440010402,0
-1.2261089927249855,0.39591419564404395,0.8719793630603314,0.05102685207474172,0
2.1717431464563957,-0.5344849526035673,0.5159591353045495,-0.1559525908744332,0
-0.6436495839285631,0.9760956904052249,-1.5905962413948271,0.4586111659733365,0
-1.179721866614151,0.4755658627793916,0.04648485623820045,-0.8986615715729516,1
-0.8366122680915319,0.4278419453872137,0.06900958577206438,-0.8428475186073755,1
-1.319547374923429,0.27651084598755143,0.7778989664758171,0.10537005181912801,0
-0.8940807943709466,-0.10206589270912973,0.4561696649052003,-0.15773686517148494,0
0.24402154399207432,0.5154315000769372,0.019067978741580616,0.40598029048680045,0
-1.2515467940276745,-0.01695781404773988,0.5937100574877636,0.2656079410905285,1
0.05728206688039724,2.1891239159102196,-0.674069975716478,-0.11571816420736444,0
-0.06508002035218413,0.4028220471140088,-1.1317220045969536,1.2234970028363668,0
-0.7582002754854399,-0.9878285081171323,-0.11072110439242831,0.31968581765791926,0
-0.7504084922227365,-1.3233835948716552,-0.3323812354165826,0.49663406848398334,0
1.7304565237832257,-0.19436514980706768,-0.2135923261174486,-1.2861536143310544,1
-1.1537189788200328,-1.0737965531280664,-0.09283142706228416,0.8294781827272656,0
-0.7621843466734438,0.6479829309693901,-0.9415435836263298,1.5323381810191585,0
-1.2716536631270938,-0.018538894932996007,0.5894821292724435,0.2646365638808346,0
1.5975571396542168,-1.02278279340632,-0.9262749085278328,0.8351390726948176,0
-1.198785538238441,0.6981786690857417,0.1913419716529226,-1.017297100641086,1
-1.2317867898561412,-0.12745993676300854,0.5234322056602628,0.3254198357446108,0
-1.1848743964446031,-0.38523486645374033,0.3596199717901283,0.46501984803518875,0
1.4193940198604744,2.1455240268801195,0.3979717189808849,0.9412540392815589,0
-0.7694617291996146,-0.048677214216541614,-0.3783094023861573,1.1115378988963611,0
-0.560876427072153,-0.5974922940053378,-0.7059901364637859,-0.7796634777440746,1
-1.2554736252041925,0.020085380118810624,0.6176952995182,0.2457991414922813,0
-1.2461040521591977,0.35698993069532464,0.8429639974548712,0.06967996804879278,0
0.08021206715418784,1.6242708945659685,0.8672246698815235,0.30896530907469766,0
-0.607961244111494,1.8366973368488506,-0.12756979617910913,0.9217874245375963,1
1.4120147683018085,-0.6252008548885113,-1.5772393552135342,-0.30232585486651586,1
0.06722982345800252,1.975946967521848,-2.868377827651157,1.5692807700624731,0
0.06554135754846667,-2.0447748847241525,-0.8201119951692102,0.4485825929636056,0
0.7775948152668769,0.10524946277590438,0.995572452906558,0.3832563133478489,0
0.38374774707555853,-2.0571050616686843,-0.7780127858771307,0.48357446253385683,0
-0.35003821418573655,1.4783827225820256,0.7023218829688718,0.3470368853673157,0
-1.0186987676548531,1.8379752098686384,-0.050229189829814516,-0.8137678266913699,1
-1.2645405459300425,0.20613229352316445,0.7398435120843919,0.14726565418025525,0
0.2517763928849787,-1.8807225992289964,-0.6817080360332624,0.37910337424339546,0
-1.1921126739728678,0.8892394856327049,0.17790323449986417,0.581022948777705,0
-0.4991740399586766,1.429303619694296,0.6461517232951819,0.3594511186668153,0
0.23993346697661563,-1.3574260732234602,-1.2217153654371689,-0.8088272837618039,0
-0.794938068914197,-0.5424936298276931,0.1792853110064171,0.08248188966608186,0
-1.5483243616919895,-0.37646236685809414,0.3080072679105042,0.42784222900178404,0
1.5176162401510909,2.341307616224708,-0.3421904322567736,-0.0647874686743402,0
-0.6820979834043724,-0.8697883622779088,-0.02028601649263135,0.2645050990157896,0
-0.15604552800878163,1.8722332174946092,-0.032544200816155895,0.9436197956120834,0
0.28252225189092744,1.190794529267409,0.4737606940899426,0.05469663876763733,1
-0.47182595407872263,2.334277986223943,-0.6612722756508076,-0.23937520856713196,1
1.0028493780974206,-1.1866792319250796,-0.10199168114522546,0.08186368985183988,0
-0.8450504533266044,0.3524744660657695,0.01761336885557553,-0.8040169902060725,1
0.04562117077418447,-1.4860616447078228,-0.45213645029562644,0.15333386082619588,1
-0.8066696331537307,0.09780488874492094,-0.2868894218532338,1.0312639921607902,0
-1.219833120154241,-0.35063183002009396,0.3770800500386336,0.44371187554078856,0
-0.6997773314093102,-0.30959880062565037,-0.5367096389480038,-0.9433266122891368,1
-0.828614379557224,-0.13426999139570722,0.4451245251220257,-0.13495504432643607,0
-1.1845712523597953,0.5872404650917545,0.11989800596011638,-0.9577531235993609,1
-0.2521975267802142,1.0740434927382463,0.31170175852292614,0.06810212743662625,1
0.1803065895341308,-1.1380029086781793,-1.0853875899974874,-0.9294224502796623,1
5.165637965151349,-1.2689146859491693,-0.3844611371578513,-0.4139102481074512,1
-1.2503907418331996,-0.05421888528227721,0.5691421959267244,0.2852828823768255,0
-1.0957552787050904,0.00036901414981486096,-0.39729817374780424,1.0565362412714807,0
-1.1827833493998807,0.5126771026368447,0.07065205752143769,-0.9184285655722713,1
-0.724269193695148,-0.012708881766024504,-0.34337202868210664,-1.1014625642836948,0
-1.1775849878005418,-0.04849388724958887,0.5844512676767974,0.2888001803635092,0
1.456131813289231,1.7001891485906793,0.10796530358203903,1.1784579672733961,0
-1.284200688951827,-0.28098934873133813,0.41316719520504935,0.4013640491528019,0
-1.2186565192927266,-0.7053830821975156,0.14162345194505271,0.6301500879689166,0
-1.2685245832848984,0.3178749415264305,0.8134386210591086,0.08821590775277313,1
-1.0435447704720417,1.7986694964795695,-0.08026457701587952,-0.7953490632574601,0
-0.9011581777391213,-0.1761652823893614,0.5433325228941139,0.3806309233410409,0
-0.7973174158986812,0.056111974881656375,0.7140331010311592,0.2679329952513413,1
-1.1980907633285292,0.698233301924111,0.19148806393762324,-1.0172635355688704,1
0.2154483885285796,-1.2859475932802917,-0.2923716614292554,0.06344287713859265,1
-1.2917589745891818,0.09193607493446054,0.6596873723596438,0.20480798718487261,0
-0.357766578902828,-0.3947611006200065,-0.5392269147973816,-0.8679465537806227,1
-1.289561282556909,0.16681284013881714,0.7097713831261263,0.16567597609899704,0
-0.794938068914197,-0.5424936298276931,0.1792853110064171,0.08248188966608186,0
-1.2687596385475781,0.16844855386244245,0.7141454036261472,0.16668091838090662,0
3.6998433371258255,-0.3756724324237315,-0.022782323989635485,-1.0144393063209096,1
-1.1571338772822362,0.29058216329539416,-0.07282024300297811,-0.7994748717776844,1
-0.17575424322417696,-0.9420285238556257,0.01175146960815562,0.3478242015513897,0
2.164277938130986,-0.5337718549910827,-0.3704809499897156,-1.0690044761106887,1
-0.8989462889608509,-0.550672198445819,0.15741520850631274,0.07745717825653343,0
-1.274647548856358,0.39209742124133695,0.8617730236255826,0.048681919754133704,1
-0.8041225172713862,-0.4311599102553332,0.2517869148561284,0.023180907668122225,0
-1.167495651355817,-0.9067959737695269,0.015920978712282832,0.7405267097303266,0
-1.2626938791544577,0.16892552798425162,0.7154208680039532,0.16697395955031133,0
2.6639194160581567,-1.018710894177608,0.2720971601396801,0.1424920784052924,1
-1.20219437771772,0.1736828377780432,0.7281422692262142,0.16989673368301758,0
-0.9326225996038779,-0.14244856001383344,0.4232544226219215,-0.1399797557359842,1
-1.294153506735503,0.22247969992499705,0.7460221850509824,0.13602548510001725,0
-0.8316758623429539,-0.09715875153825408,0.46929172640526295,-0.15472203832575596,0
-0.3887058885251412,1.4766422496090728,-0.1906792330754249,-0.5675224132918043,0
2.4723112853126272,-0.6216059297816083,-0.3801427509238273,-0.9952658903254458,1
-1.2462891768470037,-0.09124833945354914,0.5451936956684884,0.30510012349024074,0
-0.6853534241187036,-1.617083871970212,-0.5171895057074392,0.6567296579282658,0
-0.07925368721827337,2.3277954858413716,-0.6035359430711539,-0.20079067033905387,1
-0.9173151856752295,-0.32800475930109974,0.3024184162057357,-0.04114478573938538,0
-1.1911040070036127,0.5120228171473946,0.06890244932142922,-0.9188305424850353,0
-0.2112345656713792,-1.0195224310177826,-0.0453309739583603,0.3853483049862099,0
-0.052893685807389165,1.7684275488301882,-1.108430305162632,-0.40470234495715085,1
-0.9326225996038779,-0.14244856001383344,0.4232544226219215,-0.1399797557359842,0
-0.8159160043705372,-0.6561991342993095,0.10044137743167558,0.1403257053552723,0
-0.9099895514366286,0.6088318862436077,0.17763507656039165,-0.9444878854781535,0
-0.8695423156124423,0.6493643849253955,0.2109509791214726,-0.9621529422006307,1
-0.9020077717465809,-0.513560958588366,0.18158240978955,0.05769018425721365,0
-1.2947616935592419,0.16640391170791088,0.7086778780011213,0.16542474052851952,0
-1.266109502471537,-0.1301588644069901,0.5162150718352283,0.32376168097945973,0
2.6822883127725348,-1.2413783333223272,0.1270939524402573,0.26109404240121115,0
-1.169497336056495,0.364313928893213,-0.02579804658650983,-0.8393103424608966,0
-0.4927485954549869,1.1362084386057432,-1.5978950074449165,-0.11204658459291053,1
1.187547363889311,-0.5320957826239601,-0.6651355523878805,0.5406639254286355,1
-0.18061973781408164,-1.390634829592315,-0.2870029867907319,0.5830182449794081,0
-1.301807213699828,0.3152577995686301,0.8064401882590749,0.08660800010171762,0
-0.960884735257339,0.7966660203283316,-0.7327790116632822,-0.26164022527582514,0
0.0976663781315895,-2.1169527222845277,-0.862978872110658,0.48937275881463227,0
-0.8968803213059148,-0.10112494581264225,0.5938539357105986,0.3415994064833561,0
-0.43395705054054656,0.9552326492500306,-1.5713145474431571,0.48836065363577835,0
-0.6773258945715903,1.3843193288372109,-1.3247570272792186,0.24117423198081933,1
2.303641677390039,-0.7469250016909638,-0.4900422300487172,-0.9445571648378143,1
2.5828538176404305,-0.42615366246640946,-0.23284392048251518,-1.0880209595164911,1
20.314056085925355,0.7813594709670314,3.3714913737162635,-0.13331845361636627,1
-0.019270063917489214,-0.3630674716451069,-1.4918172491771662,-0.06819164454920204,1
-0.17441442472316002,2.0949006566393287,0.11245900688326675,0.8250178316161644,1
2.36074397717131,-1.0001224366605495,-0.7906084023075076,0.8916282655827673,0
-1.0742535400499316,-1.3873618441450566,-0.5635609324305488,0.0011364556601941938,0
-1.1827833493998807,0.5126771026368447,0.07065205752143769,-0.9184285655722713,0
-0.8805773922464725,-0.7733396375905387,0.012412000806890077,0.19605914225245227,0
0.12613430894013394,1.0676022967041692,0.5047166506329664,0.6054702190644947,0
-1.2585351079899223,0.057196619976263845,0.6418625008014369,0.2260321474929615,1
5.540270656857433,-0.6750413912926155,-0.9595655786432523,0.09350495526620801,1
4.6422680627763855,-0.4509738355596843,0.07614019596864854,-0.8904337282803894,1
0.17871059509982273,-0.8406127149908527,-0.002365246030409597,-0.17376105085324506,0
-1.5820006723350164,0.03176127157389152,0.5738464820261127,0.21040529500926639,1
-0.3172447811103578,-0.05033059133515572,-1.3311747041283029,-0.25915884020790536,1
0.23673749885321455,-0.6068616397889113,-0.8650650310110343,0.4947296216301956,0
-1.1460455559711236,0.06734222434740585,-0.219354357877408,-0.6812246375804338,1
2.328519944300509,-1.6787681295885468,-1.1050847046393975,-0.4528779885177135,1
-1.1093077625423666,-0.3779926539420331,-0.5093607732762535,-0.44402070958859624,0
-1.3633341582283656,-0.2510210279248699,0.28306558955500905,-0.12154955565744749,0
-0.3408537658285474,1.3670490030096656,0.6298202791191602,0.4063378673652752,0
-0.5353236570603094,0.6060176773235761,-0.792160768074797,-0.123366516111525,1
-1.137115878761199,-1.427334760008047,-0.3250442515530495,1.016661660351658,0
-1.246055679221655,-0.053878002542273706,0.5700537417989289,0.28549231234837547,0
-1.214322781229299,0.39684099103985004,0.874457683075643,0.05159625237167163,0
-1.265463100499169,0.2807637016689771,0.7892714197758713,0.10798290175209307,1
0.05947715579267658,-1.933195808093249,-0.7469542882444955,0.38943235230793266,0
-1.1971203275875222,-0.23678990702392738,0.45628877692307684,0.38595187203790954,0
-1.1714620222290824,-0.12271636696449535,0.5361168651103233,0.32833416836214874,1
-1.2626938791544577,0.16892552798425162,0.7154208680039532,0.16697395955031133,0
-0.7582002754854399,-0.9878285081171323,-0.11072110439242831,0.31968581765791926,1
-1.179721866614151,0.4755658627793916,0.04648485623820045,-0.8986615715729516,1
2.25234273315475,-0.3027351230080623,-0.20309762899988618,-1.1824645524269886,1
2.739687283492459,-0.002949503467974262,0.07305432298048402,-1.2962542301143678,1
-0.7817695832021511,-0.7655699974033187,0.033188598181989104,0.20083261809152314,0
-1.1278352842221642,0.4049419532564604,0.007773298771772384,-0.8569167105541105,0
-1.2565709135829974,0.0947030482693449,0.6670864654374793,0.20650794754895113,0
0.04840805860048733,-0.9255628595907827,-0.07938622464422085,-0.14081787631628143,0
-1.2858344067691025,0.11107793466173443,0.6733386219484699,0.19528466149904927,0
5.3725418514661065,1.9697775881868163,-0.25474725776203394,-0.5243526477759444,0
0.21607712401935728,-1.5473619860060894,-0.46591609091193625,0.2008068928519217,1
9.427636025856424,-0.06960550531680068,0.058606093980823754,0.12415271726626874,1
-1.1858448321856103,0.5497883424942979,0.09481925880467487,-0.9381955595715912,1
-0.6177857086868628,0.14493319957991802,0.8014056365603197,0.2373681171187456,1
-1.6003695690493949,0.25442871071861084,0.7188496897255354,0.09180333101334773,0
-0.6839587096212236,-0.8312825864707087,-0.8807366835633507,-0.6678951212651418,1
-1.237909755427601,-0.053237457048102024,0.5717666082267372,0.28588584774597114,0
5.2801976781240905,1.702740418315917,0.4390138670118087,0.5196414886586479,1
3.6340170638146208,-0.7917203438813061,-0.3095442277650438,-0.8018094132396787,1
3.4749681930439653,0.12957243049889328,0.27728581460050206,-1.2999704672780965,1
-0.33730190070891874,-0.506507927907938,0.27551376200687594,0.1045906198680942,0
1.3526113082981905,-0.5228923892235633,-0.49153049128654913,-1.1474548539762797,1
2.4254592133540904,-0.21441835242216672,-0.11707404139293201,-1.2133393547593248,1
10.032209970705956,1.7385536973090967,0.328079165535795,0.014664712998447332,1
-0.09274565077500338,0.5276022849337711,-0.9118044183794748,-0.5425995005328771,0
-1.2443249824400786,-0.05374191116046809,0.5704176603045306,0.28557592354623035,0
-0.11933739334635933,-0.4095882446980707,-0.6527992825565487,0.8592843585503724,0
-1.1631408728596875,0.32746178608958204,-0.049272403022543834,-0.8193841656041226,1
-0.18342644945254677,0.029819675048231502,-0.2296474956815643,-1.075334064954044,1
-0.6798591940380216,-1.4298919589593206,-0.3919794787912324,0.5588996302135764,0
6.015343357810381,0.9371162502074725,-0.8391010573906549,0.07565520797534252,1
4.69498430349957,-0.0682324539724735,-0.6884324854443203,-0.30067598403743906,1
-1.289561282556909,0.16681284013881714,0.7097713831261263,0.16567597609899704,0
-1.2473864652258084,-0.016630671303014804,0.5945848615877677,0.26580892954691043,0
-0.7329424341928997,-0.23750274875145674,-0.49406146303155674,-0.9841670252542588,1
0.019818282138062707,0.6858615267053353,-0.7888914902464012,-0.6156378228386982,1
1.4653162616464206,1.5888554290183192,0.03546369973232779,1.2377589492713559,0
4.645329545562117,-0.4880850754171376,0.051972994685411486,-0.8706667342810693,1
-1.2122867830323436,-1.2838378345922006,-0.24160685843266408,0.9345537339516022,0
-0.6875314002663914,-0.45804376005546316,-0.6333784440809523,-0.8642586362918574,1
-0.5361286839980964,0.755362279301383,-0.6930862516668369,-0.2018817738537541,1
1.4379918348236524,0.572105057200841,-0.7778267504026215,-0.9288818147522191,1
-0.5165020056105168,0.3036055490670541,0.037076284039424506,-0.7489063968378333,1
0.12827832380343887,-1.4982379811144102,-0.44716137098716396,0.16713663272530346,0
5.388725915048559,-0.23909284020602917,0.19344719197339222,0.7632449539592033,0
-0.8606948330706745,0.42464812434147897,0.9488160315759976,0.06868027116413586,0
4.5811866411490865,-0.7172407366179885,-0.11038020272939392,-0.7560509743405737,1
-1.2382020168686192,-0.12796439087537456,0.5220832577380564,0.3251099115448698,0
1.6628491313499068,-0.7612611377261895,0.2848978122878382,-0.08244216638195745,0
4.613487953179218,-0.6773487834303729,-0.07877716659612138,-0.7741095664606467,1
-1.1858645480701953,-0.6841285346248072,0.16092418641170583,0.6219247457344077,1
0.4179705985412061,-1.456782369054931,-0.37384148334525336,0.17132232767237868,0
-0.2552590095659442,1.1111547325956994,0.3358689598061632,0.04833513343730617,1
10.076580922431999,1.5179309003189092,0.18854348346139843,0.1345228548467536,1
-0.801061034485656,-0.4682711501127865,0.22761971357289146,0.04294790166744219,0
-0.8102454828428458,-0.3569374305404267,0.3001213174226028,-0.016353080330517158,0
-0.7765691721998186,-0.7651610689724123,0.034282103306994424,0.20108385366200066,0
-0.724269193695148,-0.012708881766024504,-0.34337202868210664,-1.1014625642836948,1
-0.6752854691234722,-0.6064887194852765,-0.7300472492139009,-0.785190660294578,1
-0.7955966182295695,0.05754740367449387,-0.1704754168102966,-0.6446751074732227,1
-0.9033031810182666,1.4722293344495911,0.610796242026557,0.3006891680114855,1
-1.1695669825159543,-0.5707910657410065,0.23878396537394267,0.5638548180317876,0
-1.2043333059343222,0.13616266948968356,0.7028815628179717,0.1894124921118599,0
0.39104598896041537,-1.3841956030636497,-0.3298811012788,0.13078339739182926,0
-1.2272991773417208,0.9985285630505334,0.2449373127245495,0.5204657889273584,0
-0.8414621456028393,0.08999268013494974,0.7295616118268551,0.24618124024525018,0
-1.2875398819716457,0.12961981459518265,0.6853854808178884,0.1853927229842213,0
-1.1775849878005418,-0.04849388724958887,0.5844512676767974,0.2888001803635092,0
1.3324162158728345,0.33969138140527305,-0.9488921218493683,-0.8162676988488303,1
-0.6814084346949317,-0.5322662397703699,-0.6817128466474267,-0.8247246482932179,0
-1.1743467218021402,0.4759885312055764,0.04761510313540603,-0.8984018944873059,1
-1.1712852390164104,0.43887729134812303,0.023447901852168735,-0.8786349004879863,1
-0.037115362404073225,1.8543858578921644,-2.079881273847025,2.5357882900197324,0
-0.18556586943481235,-0.4572243608047552,0.33223067424306846,0.09230200435383329,0
-0.7458331659015711,0.2159447395502695,-1.0845346769352098,0.06265453492668924,0
-1.2580826639461544,-0.3162875634975251,0.39384815824403546,0.42224492117739043,0
-0.9310267424743018,0.008245917291367168,0.6611067149602848,0.28109249374710515,0
-1.2650694202710708,-0.13007707872080893,0.5164337728602295,0.3238119280935554,0
2.206661311002379,-1.5762944169715747,-1.056275420230099,-0.517622340879865,1
-1.1615895827997833,-0.008584014782028764,-0.27224474019670397,-0.6427373974626313,1
-1.179721866614151,0.4755658627793916,0.04648485623820045,-0.8986615715729516,1
1.8489083670050717,-0.25975477541439773,-0.23830701798381018,-1.2411929380101023,1
1.1863812315083555,-0.6493197471810312,0.2839533515300213,-0.18393703730770164,1
-1.3331844135235025,0.31279048898791384,0.7998424157368436,0.08509214516368516,0
-1.265463100499169,0.2807637016689771,0.7892714197758713,0.10798290175209307,0
4.5134310146284715,-0.27564502632974136,1.057974360038678,-0.08206216031768913,0
-0.5989683935882653,1.7962762804060617,-0.011593193186173712,-0.7542521693246076,0
2.387437449221392,-0.25476012688377964,-0.14987993316371045,-1.1955571217667769,1
-1.2005235106234817,0.47393014905576625,0.042110835738179676,-0.8996665138548611,1
7.85415826589469,0.9310013582962011,0.33317831549748544,1.1556572717618763,0
-1.4303748930887856,0.23044407349325033,0.7297840029549657,0.11963498682499236,0
-1.276904004704301,0.2798640591209832,0.7868657085008599,0.10743018349704267,0
8.486695303900946,-0.4101354850073515,0.7108421461495227,-0.5673730609120357,1
-0.7424163420435685,2.425056345716994,-0.6437372378166581,-0.3113048982449374,1
-1.230864235287015,-0.20209134490882125,0.47400429796878324,0.3647025881727729,0
1.1628477949252523,-0.7245741086838167,-0.6554873414001405,-1.058527006971659,1
-1.2473864652258084,-0.016630671303014804,0.5945848615877677,0.26580892954691043,0
1.6853230627860754,0.10076260902039891,0.9985482069077867,-0.033124022214687715,0
0.4648336150948693,2.2198711546297085,0.29649739546288856,0.8166621779137723,0
-0.6875314002663914,-0.45804376005546316,-0.6333784440809523,-0.8642586362918574,1
-1.2788094352955555,0.2797142277438992,0.786465048223058,0.10733813078401984,0
-0.7873028612139179,0.24379836978889788,-0.18294966069948854,-1.2418414068427528,1
4.075010757258716,0.2976645881557045,-0.6847722475554657,1.1496557801662877,1
-1.2699156907420535,0.2057096250969796,0.7387132651871864,0.1470059770946097,1
-1.243110166429934,-0.053646385479008345,0.5706731031017318,0.28563461217549374,0
3.675351474839988,-0.07878251356410539,0.17055528627626165,-1.172575258315468,1
-0.6321338070635011,1.5746328379182688,-1.1911996196407721,0.1452620361169263,1
-1.2668542079563239,0.16859838523952647,0.7145460639039493,0.1667729710939295,0
-1.147833458931039,0.14190558680231574,-0.17010840943872926,-0.7205491956075233,0
-0.20511160009991963,-1.0937449107326889,-0.0936653765248346,0.42488229298484964,0
-0.9203766684609592,-0.2908935194436465,0.3265856174889729,-0.06091177973870507,0
-0.7267519666491907,-0.16250130811151853,-0.4440319268445622,-1.0259795400337264,1
-1.2094338557869064,-0.4618700239109938,0.30483388898612346,0.5030715461680114,1
-1.2440327209990607,0.020985022666804545,0.6201010107932112,0.24635185974733148,0
-1.0964565267611577,0.5194653145898894,0.08880424259652443,-0.914258055102346,0
-0.9134041088820404,-0.027720322959548415,0.6400013280270624,0.3015629473437618,0
-1.1478818318685815,0.5527735200399139,0.102801846217213,-0.9363615399071059,0
-0.44986583362198473,-0.6647671696795024,0.15260083387380236,0.1776289421739155,0
-1.1799766377614151,-0.9077774020037019,0.013296566412270344,0.7399237443611809,0
-0.5538213649155114,1.0503256437456805,0.24827846127262357,0.05353046434893604,1
-1.2707810391328414,0.2056415794060768,0.7385313059343854,0.1469641714956823,0
-0.416259233596709,1.8106434083261513,0.02682557847370923,-0.7454253592856827,0
-1.2014642234398623,-0.5732992691648136,0.23207684233921078,0.5623138395367073,0
-1.2905498765451702,-0.020024777279537175,0.5855087690502244,0.2637236743119479,0
2.737649774062935,-0.5260373859733926,-0.2747273808320808,-1.0216853815451643,1
-1.3602726754426364,-0.28813226778232315,0.25889838827177186,-0.10178256165812767,0
-1.1941264418582578,-0.64742622319826,0.1839978825699377,0.6019065161646105,1
-1.1366260523512544,0.10543489243903417,-0.19256274429415837,-0.7003886662106079,0
0.20216758363213552,0.2519766444812731,-1.0482797621451005,-0.3713992988734931,1
-0.5735224241973587,1.3539687365795872,-1.466013861245556,-0.23366337543455867,1
-0.794938068914197,-0.5424936298276931,0.1792853110064171,0.08248188966608186,0
-0.3650500703246884,2.1185623304046297,-0.7876858962251422,-0.11650223987309707,0
-1.2725158962432195,0.20550516088152648,0.7381665126246837,0.14688035930937113,0
-1.2421288480451371,-0.09092119670882409,0.5460684997684927,0.3053011119466226,0
-0.8001332714695883,0.8466585057593337,-0.674166398942381,-0.27349329880510687,0
-0.6779667596518422,0.9296687674540604,0.2860141495906797,0.6058617051827532,0
-1.1915938334135567,-1.0207468352996871,-0.06357905793746194,0.7982197840772306,0
-0.17118051830962797,-0.11862528438158161,-0.32631630081451285,-0.9962660889567646,1
-0.19873386338119556,0.21537587433549796,-0.10881148926537892,-1.1741690349506433,1
-1.2503907418331996,-0.05421888528227721,0.5691421959267244,0.2852828823768255,0
-1.2256638242846816,-0.20168241647791502,0.47509780309378846,0.3649538237432504,1
-0.006424036583221328,-0.8551705671311172,-0.04129402848059522,-0.18270503716224068,1
-0.7986581010152988,0.09465864353194711,-0.14630821552705944,-0.6644421014725421,1
-0.12831975930941147,-0.6381826423859269,-0.6646571187798327,-0.7195281729662877,1
-1.3100691074878905,0.351960110995177,0.8295138844173071,0.06658977053192058,0
1.281985088050552,-1.5756014484182879,-0.316217453360588,0.31115894277089157,0
4.0966959079060885,1.421229173936625,-0.8207543667121958,-0.3505605777726058,1
0.0940198603091541,1.74378903762078,-0.9640763911153233,0.12148576378447325,0
-0.23137678826959096,1.7221170948570041,-2.194538353326175,0.3896960012258489,1
10.279118128139933,0.8703741763047225,-1.378129060743012,2.9769462576184584,0
-0.8958848061751212,-0.5877834383032726,0.13324800722307573,0.0972241722558533,0
-0.02417665584147258,-0.17669341549602793,-1.3687942325109697,-0.16652414340484575,1
-1.2020768500863797,0.24839603161003712,0.7777888779426948,0.1306642283689508,0
-1.2585351079899223,0.057196619976263845,0.6418625008014369,0.2260321474929615,0
-0.7121874579826699,-0.16135488012146199,-0.4409636912311955,-1.0252740991860965,1
-1.232248067140705,-0.0901442326901021,0.5481461595060024,0.3057784595305297,1
2.3902231774939757,1.3604464593294154,-0.24508696190316856,0.440451558120227,1
-0.40296629911079057,0.9887841246735348,-0.6544930681976631,-0.8126346721888595,1
0.011944860131157066,-1.0778380062758366,-0.18629723618001814,-0.06410307316632194,1
-0.6684261213603087,1.7161105984477356,-0.07582016183742395,-0.7183695386130587,1
0.2313845379480053,-1.7329181852933557,-0.5867520973281218,0.2996418628485207,1
0.006194992287609245,0.42710266507542366,-1.1043293322052619,1.2171308038233906,0
-0.7421358530956158,-0.014252837587452443,0.6760143884119341,0.30983703912763677,0
0.04962287461063256,-0.9254673339093231,-0.07913078184701954,-0.14075918768701795,0
2.6603275012940673,-1.4298650773168404,-0.0015785491037656814,0.358128557805541,1
-1.2501556865705201,0.09520750238171095,0.6684354133596857,0.20681787174869212,0
-1.241263499654349,-0.09085315101792131,0.5462504590212935,0.30534291754555015,1
0.10685082648877921,-2.2282864418568877,-0.9354804759603693,0.5486737408125917,0
1.1754962395370647,-0.947691369102533,-0.8016934047370687,-0.940201402103265,1
-0.748678861312829,-0.9857796866779351,-0.9935893645463765,-0.5925454317109285,1
-1.2840670524762268,0.35400475314970853,0.8349814100423331,0.06784594838430769,0
0.05480561913137316,-1.5973953642801826,-0.5246380541453383,0.21263484282415526,1
-1.2195408587132224,-0.2759048961928215,0.4267634005273144,0.40448781174188997,0
0.5489034281686506,-1.521190566428086,-0.39593176291160237,0.21688596936247628,0
-0.7398313787710614,-1.2104959472618515,-0.2557243120918515,0.43828778165383814,0
-1.2195408587132224,-0.2759048961928215,0.4267634005273144,0.40448781174188997,0
-1.248898215588965,-0.4276212830698848,0.321346554394324,0.48154590317534973,0
-1.3633341582283656,-0.2510210279248699,0.28306558955500905,-0.12154955565744749,0
0.07929748141721157,-1.8942852831398087,-0.7179756644112352,0.3707707948187135,0
-1.269799720748045,0.16836676817626117,0.7139267026011462,0.1666306712668111,0
-0.6814374231996599,1.8738333678419112,0.026890443616333824,-0.8023792631101677,1
-1.2375160751995031,-0.464078237437888,0.2989289613110953,0.5017148740874334,0
-1.1818129136588733,-0.4223461063111935,0.3354527705068912,0.4847868420345084,0
0.08604831586384755,0.8455536935647329,-1.699488275743498,0.09248733187157304,1
-0.6943933533565032,0.02699234720141696,-0.31227900333913644,-1.119638332673839,1
-1.0928750028751952,0.482394967575527,0.06474639182578758,-0.8944659375459787,0
1.0891174369204741,-1.2172476168880315,-0.10866280042837928,0.1056504529787984,0
-0.44986583362198473,-0.6647671696795024,0.15260083387380236,0.1776289421739155,0
-1.2766262944702114,-0.09363386434808418,0.538814624171258,0.30363451566630373,0
-1.2782951121614552,0.16769874269153265,0.7121403526289378,0.1662202528388793,0
-0.9676187698379843,1.8046398515708018,-0.06429940219080324,-0.7916810239284897,1
0.4893254773807067,1.9229812357700815,0.10315978519699132,0.9747981299083308,0
-1.3143504336566905,-0.8448008656441218,-0.10360963097678519,0.19472234833166938,0
-1.1705571341415462,-0.8696847339120738,0.040088179995520015,0.7207597157310066,0
-0.9777550306649403,-1.0399837234418687,-0.9282958710369453,-0.08452165471482181,1
2.6690184082734105,-0.5327342515296428,0.595711662669008,-0.11230977616459072,1
-0.4009518196680604,1.625087209038885,-0.09401042794247642,-0.6465903892890833,0
2.743772739634395,-0.600259865688299,-0.323061783398555,-0.9821513935465248,1
0.21647080424745424,-1.9582027663958754,-0.7387537378275781,0.41663591919338394,0
-1.2317867898561412,-0.12745993676300854,0.5234322056602628,0.3254198357446108,0
-0.884934284303888,1.2495618953048717,0.465793034327134,0.41929113200740425,1
-0.7696891981671835,0.3197483211296267,0.8935191999610684,0.13193409313375856,0
-1.2926227653426383,0.2039240799962703,0.7339385844093637,0.1459089820996772,0
0.24056898630519474,-1.8442519048657156,-0.6592537011778333,0.35894284484648004,0
1.08018991704112,-2.3758608810919304,-0.8796794009366347,0.7134109970633317,0
-1.2593401349277094,0.20654122195407074,0.7409370172093969,0.14751688975073257,0
-0.9774263703890713,0.04194931117701971,0.6761610819337784,0.25923180299765475,0
2.313797053253896,-1.3437580626467343,-0.8848819972458503,-0.6301610861121099,1
-0.8619465396813332,-1.032177369696224,-0.01907413737037149,0.8337643719025317,0
5.442955955537889,1.116219071465392,-0.8105928872764877,-0.06971178579158908,0
-1.260731242384864,0.09437590552461994,0.6662116613374749,0.206306959092569,0
-1.2461040521591977,0.35698993069532464,0.8429639974548712,0.06967996804879278,0
-1.1827833493998807,0.5126771026368447,0.07065205752143769,-0.9184285655722713,0
-1.1878090265925345,0.5122819142012168,0.06959529416863279,-0.9186713596275806,0
-1.0573535830939138,-0.07509148714808446,-0.29994863767277985,-0.5984634986971366,0
2.539993058640214,0.09340369553793611,0.10549689748280443,-1.3647588755069686,1
3.388991903896267,-0.21465611827550912,0.9207791607052117,-0.21486098332491826,0
0.013242561831189523,0.8398286955320444,-1.714797347493571,0.08897003388488912,1
0.021129308488346425,-1.1891717258481966,-0.2587988400297294,-0.004802091168362697,1
-0.6357021613574736,-0.005883544749151601,0.6983945017023409,0.31497892680725575,0
0.7714718496954175,0.17947194249081097,1.0439068554730324,0.3437223253492091,1
-1.2473292590474694,-0.09133012513973043,0.5449749946434875,0.3050498763761453,1
-1.1215734095698704,-1.4634645716313253,-0.3465870405362741,1.0370316197201233,0
0.0071469625977177535,-1.1529192356956464,-0.2369279995090033,-0.025096679865684812,1
1.5288802991922132,-1.405479102865775,-1.0499286623813373,-0.6680809752123196,1
-1.273212228790462,0.09339447729044477,0.6635872490374625,0.2057039937234233,0
0.36255398047546106,-1.53584394424981,-0.4351159881589893,0.2078832944242167,0
-0.797662585884505,-0.39199984895868306,-0.6069141440145821,-0.908817335700045,1
-0.5619738527556889,-0.07478995486227606,0.6642756657609344,0.35777897722210167,0
-0.14672248301833235,-0.41603355719057883,-0.52074373372598,-0.8404906784717033,1
-1.2320790512971596,-0.202186870590281,0.473748855171582,0.3646438995435093,0
2.874076833771062,-0.4032536703356562,-0.17160763348222327,-1.073951767569756,1
-1.2626938791544577,0.16892552798425162,0.7154208680039532,0.16697395955031133,0
-1.2508020885428888,-0.3157150636942562,0.39537906541904266,0.42259665097605875,0
1.5237133528240858,-0.46700965880784967,-1.4545083863332613,-0.3754059827712645,1
-1.3026725620906163,0.31518975387772735,0.8062582290062741,0.08656619450279017,0
-1.2121222070115778,-0.5181093835004428,0.26705217988626034,0.5323703073683229,0
-0.748678861312829,-0.9857796866779351,-0.9935893645463765,-0.5925454317109285,1
8.180043739170001,-0.9958284407528853,1.1590677905767697,0.6247899923102681,0
-1.2094338557869064,-0.4618700239109938,0.30483388898612346,0.5030715461680114,0
-0.7942155473362131,0.2843829976040501,-0.2984888616424215,0.43429868124764187,0
-0.16622123763251706,1.4182720415126484,-0.33179158758178345,-1.0170073565165518,1
-1.3057340448763461,0.3523009937351805,0.8304254302895112,0.06679920050347053,0
-1.2211762117702618,0.9243060833356268,0.19660291015807535,0.5599997769259982,0
-0.39672992246750793,1.593143555843046,-1.1417005792502362,0.15663456594438485,1
-1.1172670040112842,0.18166112146538146,-0.1388701666151583,-0.7386915999139079,0
-0.05595516859311891,1.8055387886876413,-1.084263103879395,-0.42446933895647043,1
0.04562117077418447,-1.4860616447078228,-0.45213645029562644,0.15333386082619588,0
3.4117993314122637,-0.3609704705799439,-0.05853920355668424,-1.0479740095823917,1
-0.8440477534923135,-1.5536975841689196,-0.3626637799357163,1.1092963571547176,0
1.18815596487628,0.8937036200458416,-1.6308288674810338,-0.3341214875273091,1
2.125487416277722,0.4444819521573813,-1.7810868039454566,-0.01417105341471665,1
-0.07168812597745391,2.178982490823743,-0.7011889028166074,-0.12194880635520423,0
-0.06556516040599453,2.1047600111088367,-0.7495233053830817,-0.08241481835656476,0
-0.2479723591001358,-0.5741875527283435,0.24467544144048517,0.14814437699437227,1
3.3839912151934315,-1.4103125766459579,0.12577731816651977,0.41270836035786224,0
0.08090753529278501,-2.192974487095422,-0.9161246972271553,0.5278013103031715,0
-0.19873386338119556,0.21537587433549796,-0.10881148926537892,-1.1741690349506433,1
-0.7682396813552907,-0.42833830408207985,0.2593321002186645,0.02491443310441657,1
-0.6190434903600641,0.37402249066952736,-0.07376010684536428,0.9029947040987437,0
0.2103452333490467,0.9236551385089228,0.28490719285718913,0.18854335649428267,1
3.6375578884501167,0.9729535228389684,-0.3053486885590412,0.7557593795762396,1
-0.2632797730287849,-0.3886313534410774,0.3655114478566708,0.04930940699777337,0
-1.2685261409222297,0.20581889077371782,0.739005449756588,0.14707310723904146,0
-1.2906013647573755,0.16673105445263597,0.7095526821011257,0.1656257289849016,1
-1.1786817844136843,0.47564764846557284,0.04670355726320158,-0.8986113244588559,1
0.0976663781315895,-2.1169527222845277,-0.862978872110658,0.48937275881463227,0
0.6867662997083345,-1.2475859271766145,-1.0781366664827405,-0.8264786535718609,1
8.406841980324709,-0.8285865134966606,1.3060010896877576,0.5572704110397818,0
2.4099824728902495,-0.21055900959670829,-1.1440953330133714,-0.4306851463622481,1
-0.7353893782338498,-0.012422220358987102,-0.2074373660767165,-0.6025282695416178,1
-1.24426777626174,-0.12844136499718364,0.5208077933602503,0.32481687037546497,0
-1.2075871890113214,-0.499076789449907,0.28041124490568503,0.5227798515380678,0
-0.7802593904763254,-0.4666354363891613,0.23199373407291224,0.04395284394935181,0
-1.201171961998844,-0.498572335337541,0.28176019282789144,0.5230897757378087,0
-1.0447815687793622,-1.0079023032845638,-0.9175787827912726,-0.10737884623101408,0
-0.5803427494700677,0.14787748428244335,0.8092788734603572,0.2391770132261829,0
-1.2718783275116468,0.2802592475566111,0.787922471853665,0.1076729775523523,0
-0.2656963418410395,2.547399312913615,-2.5414079869446478,1.2392914039252898,0
-1.2720577342333188,-0.05592264469680521,0.5645862161739027,0.2842361344959882,0
-1.2338097480787362,-0.20232296197208674,0.47338493666598025,0.3645602883456545,1
-0.8009788398174992,-1.7382318738843232,-0.6159352325572753,0.7100009862347669,1
1.1962874926682687,-1.394280185532503,-1.0950529442512305,-0.7037678628647397,1
0.011307291399583697,-1.1525920929509212,-0.23605319540899924,-0.024895691409302975,1
-1.179721866614151,0.4755658627793916,0.04648485623820045,-0.8986615715729516,1
-1.274647548856358,0.39209742124133695,0.8617730236255826,0.048681919754133704,0
-0.9971218927788013,0.30186440870374254,0.8456962842261404,0.12094665718872766,0
-0.6936543658378509,-0.38382128034055685,-0.5850440415144781,-0.903792624290497,1
1.3376549468384304,-0.8613336734219875,-0.7195446637434101,-0.9743569899539456,1
-0.9128804607414822,0.6459565389535947,0.2018381448117291,-0.9642466389507615,0
-1.230864235287015,-0.20209134490882125,0.47400429796878324,0.3647025881727729,1
0.07060601851391364,0.5777992345802261,-0.8526450530960706,-0.5543269562769192,1
3.709390448563515,-0.10838153470850041,-0.8708651440467682,-0.36790981881511037,1
-0.18061973781408164,-1.390634829592315,-0.2870029867907319,0.5830182449794081,0
0.582832460555948,-1.1076508583943183,-0.11587698217092618,0.0027150977861647527,0
-1.2470853705439944,0.3942647419251402,0.8675686007881102,0.05001346827766395,0
2.4302491674960103,1.1407821170102563,-1.2704066261968274,-0.3525914439254361,1
-0.659686285519468,-1.1668418525098974,-0.2140610288085306,0.42254055678215685,0
2.366514359848749,-1.298484497871438,-0.9878826310234234,1.048859769523607,1
-1.2562786521419795,0.16942998209661758,0.7167698159261598,0.16728388375005235,0
-1.2562786521419795,0.16942998209661758,0.7167698159261598,0.16728388375005235,0
-1.2549624173447547,-0.3160422064389814,0.3945042613190386,0.42239566251967686,0
2.3076740876824378,-1.2695355829318282,-0.8365475946793759,-0.6696950741107494,1
-1.2130242129136652,-0.7609681562975137,0.10559135104519814,0.6598508260819917,0
-0.9554995102588468,0.9515737245461251,-1.6561698071229398,0.4435454732598597,0
-0.23266494517148728,-0.7597437520156097,0.1238394350242995,0.2469793469909714,0
-0.4590471229352264,0.2745476955934505,-0.11455006206992444,0.969581517640548,0
0.12922694617819283,-0.20705901182318792,-0.3375816176639324,-0.9228959150120705,1
-1.5085250854775023,-0.8589084850049863,-0.00616634877157863,0.6848131509929415,0
-1.3028472959002948,0.3151760138824488,0.8062214872340739,0.08655775298762225,0
1.3220465082521788,-1.5370383170135506,-0.2836403763936027,0.29428703531019174,1
-0.057265328327800964,0.6050961920959279,-0.8547219748129586,-0.580123603967697,1
-1.2014642234398623,-0.5732992691648136,0.23207684233921078,0.5623138395367073,0
0.6805414235841329,-1.1373196008092767,-0.12014239017906826,0.027054579168173436,0
-1.1889260308559249,-0.6470172947673537,0.18509138769494296,0.6021577517350881,0
0.015006342916886545,-1.11494924613329,-0.21046443746325527,-0.04433607916700214,1
-0.9013932330018011,-0.32559167005334955,0.4440393054611528,0.4590959339691743,0
-1.2382020168686192,-0.12796439087537456,0.5220832577380564,0.3251099115448698,0
0.1548474683047622,-0.8051371888570246,0.01742793475280645,-0.19453298713447434,1
0.6277121958884957,1.2990185564502346,-1.3126706530301124,-0.09715450651097447,1
5.399328819447359,-0.5782031006044325,0.11127476215040732,-0.7557641244185426,1
0.2738298569126914,2.781660563901484,-3.32767250170803,1.9506627428919723,0
-1.3009434229463712,0.2032697945068202,0.7321889762093553,0.1455070051869133,0
-0.8695423156124423,0.6493643849253955,0.2109509791214726,-0.9621529422006307,1
-1.2687596385475781,0.16844855386244245,0.7141454036261472,0.16668091838090662,0
-1.2164793759274926,-0.3130161360502747,0.4025961992440771,0.4242548057412097,0
1.6082174494874257,1.301415524691892,-1.15611893694281,-0.010547414120035785,1
-0.8708021466886371,0.316873757697665,-0.15150905925385696,0.9104511551446703,0
-0.8200884805154072,0.3544373225341199,0.022862193455600442,-0.8028110594677811,0
0.38074447218154395,1.3865781186119985,-0.26640145714771535,-0.9513448691882612,1
-0.9111922201037695,-0.40222723901600616,0.2540840136392615,-0.0016107977407455963,0
-0.974535461084218,0.004824658467032631,0.6519580136824413,0.278990556470263,0
1.1182969447118758,-1.2896570715116724,-0.15214903867263022,0.14629831900270662,1
-0.8578437741542154,0.8408203899079864,0.19856900532121888,0.6364099012734695,1
-1.2674860587217633,0.20590067645989904,0.7392241507815888,0.1471233543531367,0
-0.9244336663774831,0.23287621290443697,0.811358747259733,0.16369646048947809,0
0.33468914984395254,-2.0609627289144816,-0.7883284758243798,0.48120440665620107,0
-0.7393201709116237,-1.5466235338196437,-0.47891535029101273,0.6148843026812337,0
2.19993766729986,-0.1200960555755095,-0.09006225074343754,-1.283091736489145,1
-1.2504479480115382,0.020480568554438486,0.6187520628710049,0.24604193554759066,0
-1.281700344600409,0.3168388804538862,0.8106681164743953,0.08757937731141159,0
0.2963044119391076,-2.773668615025672,-1.2678077537587822,0.8521127525475655,1
-1.208924205564801,-0.910053661221499,0.007209679484441264,0.7385252666816754,0
0.17015488223341096,-0.990693388144291,-0.10340807166337904,-0.09569801713787526,1
-1.1048683679072289,-1.016249445570523,-0.32188891959817734,-0.19653348433300386,0
-0.2120992230404369,2.167941423189272,-0.7307135411917484,-0.12873216675809462,0
-0.7120232625522289,-0.16115384119583737,-0.4400408338150553,-1.0223945882864158,1
-1.230864235287015,-0.20209134490882125,0.47400429796878324,0.3647025881727729,0
-0.1560751867751163,0.03574663359136819,-0.36279286715770326,0.6220804305585351,0
0.6299404829411421,2.7349589675865724,-3.302414009361654,2.007104884783742,0
-0.8754499418058072,-0.3609036248148149,0.42468352672793863,0.47996836447859476,0
-1.2705475415074927,0.24301191631735225,0.7633913520648259,0.12735636035381695,0
1.8489083670050717,-0.25975477541439773,-0.23830701798381018,-1.2411929380101023,1
-0.23352960254054514,2.4277201021914463,-0.5615431322090882,-0.2671011247533331,0
0.7898407464097962,-0.043195496653908566,0.8989036477736099,0.46232428934512804,1
-0.6814374231996599,1.8738333678419112,0.026890443616333824,-0.8023792631101677,1
2.1424253292773994,-1.4332377521191118,-0.08566835519604482,0.31348924232895725,1
-1.2718783275116468,0.2802592475566111,0.787922471853665,0.1076729775523523,0
0.451646909184233,-1.8650060074869166,-0.639680697460862,0.3887592616648965,1
-1.28014177893704,0.20490550823044534,0.7365629967093762,0.1465119474688231,0
-1.1849810414321533,0.4378003374324882,0.020568046754955084,-0.8792965544863957,1
-1.2596323963687275,0.13181428812679824,0.6912536667207163,0.18674095354963133,0
-0.24204737711682583,0.8146779214516457,-0.7447109311137023,-0.706765106218893,1
-1.2433935946301562,0.20779516009460178,0.744290141324713,0.14828727850404458,0
-1.194795782917451,0.698492398977933,0.1921809087848267,-1.0171043527114159,1
-1.2335710857757316,0.620739394761954,0.13440562037110762,-0.9797394321340498,0
1.703691959500454,-0.1219048301243206,0.8535449992083639,0.08547794178123118,0
-1.2473864652258084,-0.016630671303014804,0.5945848615877677,0.26580892954691043,0
-0.7421237235061414,0.7018121165214961,-0.7612123589752836,-0.19221444978762658,0
-0.8163684484143049,-0.2827149508255203,0.3484557199890771,-0.055887068329156825,0
3.86258126661927,-0.540783038291026,-1.2752812515119634,1.571013174459638,0
4.516640731501495,-1.321247964394564,0.36394273439265573,0.4674274676078431,1
-1.2354946746142403,-0.5012712629815226,0.274543059002857,0.5214316209726578,0
0.011700971627681722,-1.5634328733407075,-0.5088908423246409,0.19093333493215917,0
-1.2364744353617054,-0.35194040099899415,0.37358083363861694,0.4429079217152609,0
-1.2676020287157717,0.24324353338061774,0.764010713367629,0.12749866018093556,1
1.728183821786292,-0.4187947489839465,0.6602073889424668,0.24361389377578965,0
-0.8102454828428458,-0.3569374305404267,0.3001213174226028,-0.016353080330517158,0
-1.1850595211324084,-0.833473136602614,0.06184967000374574,0.7004400034766367,0
-1.1919875136416547,-0.6099060549099008,0.20925858897818012,0.5823907577357682,0
1.2026470711397386,-1.2070202268307089,-0.9696609580822234,-0.8015560849805015,1
0.4909578524678148,0.0505734837436816,-1.1364207033442522,-0.23973308521274853,1
1.0615640918489064,-0.8832464581709529,0.10884201112075508,-0.07225249301507967,0
-0.7764869775316608,-2.0351217927439484,-0.8092728428231727,0.8681369382293255,0
-0.7918765861284672,-0.5796048696851464,0.15511810972318005,0.10224888366540165,1
-1.3694571237998259,-0.1767985482099633,0.3313999921214834,-0.16108354365608699,0
-1.2799654874900308,0.31697529897843657,0.811032909784097,0.08766318949772282,0
-1.248624945177655,0.07665188245298431,0.6563518127180672,0.2167013687483521,0
-1.1049462002084356,0.6308536670006181,0.16145193873093652,-0.9735254720280895,1
1.0206849964532827,3.2563367479354057,-3.9214756863467635,2.5543357416214563,0
20.312637629883742,1.009136011793075,3.3811621996895376,1.4449916067593394,1
-1.1452316957925412,0.2541661017704816,-0.09512848557370629,-0.7792807773085529,0
2.078134190777076,-0.6539017151125935,0.4218428717519353,-0.10161763165675833,1
-1.2135177542915117,0.24749638906204324,0.7753831666676833,0.13011151011390054,0
0.5046328913093558,1.7374250364828159,-0.017676221219194422,1.0736330999049295,0
0.4631497362489825,-0.9987686223223324,-0.9521041816210484,1.2209492847275052,0
0.5478588723122577,0.8805675279609257,-0.7175117094918768,1.0274889654408426,0
0.12001134336867449,1.1418247764190763,0.5530510531994408,0.5659362310658551,0
-1.1772308472691915,0.28770174499910584,0.8078242651287598,0.11224546493504108,0
-1.2791001390992425,0.31704334466933926,0.8112148690368979,0.0877049950966504,0
7.8151398769902425,1.1109168489419654,0.587925146977314,-0.6404163288479675,1
1.2695805319422144,-0.8668893209347005,0.1525822161209635,-0.062203070195983375,1
-0.9145173714358521,1.7341114677293301,-0.10275551686003051,-0.7498774742803853,1
0.8051481603384445,-0.22875169594117473,0.778067641357424,0.5611592593417271,1
-1.2814169164001863,0.055397334880276115,0.6370510782514139,0.22492671098286093,0
0.09154341256013032,-2.0427302425696205,-0.8146444695441838,0.4498387708159928,0
-0.7067838036188117,-1.357305192968039,-0.348019096724779,0.5183606999330268,0
-1.1889260308559249,-0.6470172947673537,0.18509138769494296,0.6021577517350881,0
-1.1896010898812517,0.5868449495133822,0.11884036780321112,-0.957996118643127,1
3.6509675044873844,-0.7866112421999819,-0.4448766094911931,0.8951026111319457,0
-1.2116903116348492,-0.5741033860313476,0.22992657386140056,0.5618198099109206,0
8.413219717043432,0.4805342715715263,1.2908549769472135,-1.0417809168957108,1
0.004085479811987686,-1.1158079958381932,-0.21276079822576607,-0.04486367386500462,1
-0.8284932011162743,1.2179482157015071,-0.43202024228780694,-0.47105430305494533,0
-1.2599204974809437,0.057087681442270395,0.6415711910361358,0.22596521833698635,0
-1.2521786447931147,0.020344477172632856,0.618388144365403,0.24595832434973577,0
-0.22654197960002803,-0.8339662317305162,0.07550503245782532,0.286513334989611,0
-0.639176411185493,-0.7904092050489175,-0.8465092351300654,-0.6853507480160695,1
0.025515859312096514,-1.3755866748403656,-0.38193120720842616,0.09350528413023369,1
5.264655840968533,0.08354261183685911,0.5295537568360954,-1.1154139206346037,1
-0.9274585692543453,1.4329779267561469,0.5809060723210926,0.31914129552915455,1
1.0253379980452493,-0.3245152988746785,-0.41148148801243617,-1.280980210858557,1
0.03337523963126529,-1.3376166852780091,-0.3554676451626782,0.07426588482891651,0
1.1136092992063114,-1.514137535747658,-0.3020004106942765,0.26378640497335676,1
-1.1752182799247235,-0.0856597599454112,0.5601379741088597,0.30853360929061324,0
-0.7275854476281424,-1.3589409066916642,-0.3523931172247999,0.5173557576511173,0
-1.2821044157066335,0.27945513069007694,0.7857722033758547,0.10717894792656531,0
8.474449372758027,-0.26169052557753875,0.8075109512824709,-0.646441036909315,1
-0.8190929653846132,-0.13222116995651031,-0.43774373503192254,-1.0471862936952843,1
-1.2340432457040844,-0.23969329888336216,0.4485248905355399,0.38416809948752,0
0.13724770964103336,1.292727074213589,-0.36722410571444,-0.9238701885725374,1
-1.3130146202796116,0.35172849393191163,0.8288945231145041,0.06644747070480227,0
-0.7826921377712781,-0.690938589257506,0.08261650587346851,0.16154986566336094,0
-0.733708413199602,-1.2847184269767578,-0.30405871465832557,0.4778217696524777,0
1.0950817775265158,-0.731202928549164,0.21513366135374945,-0.1491095959921578,1
-1.2369196038020085,0.24565621112296476,0.7704623936051597,0.1289809500467522,0
-0.3730739928314765,-0.2092049013327403,-0.41839090838119575,-0.9667815237772216,1
-1.161873011000006,0.2528575307915813,-0.09862770197372288,-0.7800847311340804,1
-0.26940273860024416,-0.31440887372617077,0.41384585042314515,0.009775418999133948,0
-1.1632568428536958,0.3648046430103006,-0.02448584043650342,-0.8390088597763236,0
7.773442802884375,0.019354401337173505,0.8834068491434298,-0.8568789892800179,1
-0.8432396576846273,0.612780572743455,1.0765411202797162,-0.028571914738455634,0
-1.3021045025137714,-0.9932458250739347,-0.20027843610973362,0.27379032432894845,0
-0.8163684484143049,-0.2827149508255203,0.3484557199890771,-0.055887068329156825,0
-0.8163684484143049,-0.2827149508255203,0.3484557199890771,-0.055887068329156825,0
-0.90147254548451,-0.0454580860264624,0.6301047376354543,0.3119489154843765,0
0.2612377286299415,1.3137906510699888,-2.2504133458941626,1.1483951781886348,0
20.225018313991928,0.47424216205008235,4.03915192110421,0.9320240363374915,1
-1.268816844725917,0.2431480076991579,0.7637552705704278,0.12743997155167197,0
-1.2320790512971596,-0.202186870590281,0.473748855171582,0.3646438995435093,0
0.1891525144385671,-1.4747752200148085,-0.4219557088454826,0.1602679625713725,1
2.1939197890786195,-0.9809648304995437,0.22289090555568933,0.08054787752006763,0
10.041394419063145,1.6272199777367369,0.25557756168608314,0.07396569499640693,1
-0.9152492180202939,0.12154249333207724,0.7388571434100213,0.22299744248743736,0
-1.233925718072744,-0.16498010505136804,0.49817149925202053,0.3449355941734532,1
2.0559822259530214,-1.6964226015134245,-1.301288580056137,1.2300486560934862,0
-0.6825296019226017,1.0040139256982386,0.33467660369465557,0.5664030878552568,0
-0.70590029698077,-0.23537632091074395,-0.48837523638152963,-0.9828606002877762,1
1.070589915240677,-0.4343130096895383,0.40847127161964636,-0.30724554798671616,0
-1.2412062934760104,-0.16555260485463683,0.4966405920770132,0.3445838643747848,0
-0.2849081361170426,1.334235279455991,-0.40637011314838295,-0.98350302220937,1
-1.0366099941249933,1.3496909758703985,0.5083325977517026,0.35310629537836385,1
-1.162277573871893,-0.23405008653685502,0.4636152612606118,0.3876351503601081,0
-1.2596323963687275,0.13181428812679824,0.6912536667207163,0.18674095354963133,0
1.6816930363449392,0.4107457681130137,-1.7361317677405008,0.4638604418636395,1
-0.7377685938855738,1.1228912659627324,0.267408866012389,-0.0010686410657113985,1
-1.2484853112419447,-0.05406905390519314,0.5695428562045264,0.2853749350898484,0
-0.8940807943709466,-0.10206589270912973,0.4561696649052003,-0.15773686517148494,0
-1.2195408587132224,-0.2759048961928215,0.4267634005273144,0.40448781174188997,0
2.592636000455451,-0.5381578959093665,-0.3059858975884368,-1.03161730348438,1
-0.9848759616358824,0.15341944927392973,0.7490274790931917,0.20001463318600676,0
-1.2365935206303766,-0.538709645583701,0.2495010536196157,0.5409976265155957,0
-1.296549596519157,0.24096727416282082,0.7579238264397998,0.12610018250142987,1
4.165008775544457,0.6055363606456131,-1.3552691286168663,0.08455075336113543,1
-1.28608845306149,0.39119777869334266,0.8593673123505712,0.04812920149908331,0
2.2917821508717515,-1.2334332512991066,-0.8150782892405518,-0.6900819165095512,1
0.5916055622034481,-1.4804807563786575,-0.3621417165283196,0.1993298483833577,0
-1.1536992629354483,0.16012032399103893,-0.15893635466931513,-0.7306421225787334,0
-0.5680968183271485,-0.0005674751473696106,0.7126100683274087,0.3182449892234622,0
-1.2126627967788501,-0.20066009540064927,0.47783156590630155,0.3655819126694439,0
-1.1898309189434606,0.09995107218022416,0.6811200728097462,0.20973220436623002,0
-1.1848260235070605,-0.7961027996913387,0.08670971613418611,0.6808321923347713,0
-0.7272484818127206,-1.2455583656801081,-1.1627597735290367,-0.45417647371569003,0
-1.2691709852572672,-0.09304762454953691,0.5403822731184654,0.30399468698014015,0
0.03728166938161274,0.6226834657842207,-2.8823752175731117,0.991247830601675,1
-1.2810055696904972,0.31689351329225535,0.810814208759096,0.0876129423836274,0
-1.2748826041190375,0.2426710335773487,0.7624798061926216,0.12714693038226696,0
-1.0351915380833798,1.1219144350443553,0.49866177177842913,-1.2252037649973417,1
-1.2692796796478116,0.16840766101935184,0.7140360531136467,0.1666557948238587,0
7.900861394990676,0.07180213293327424,-0.08875648895332595,-0.08694049686701327,1
-1.2289422040858375,0.8078632620819427,0.25943368803451283,-1.0776112654476668,1
1.3157575448754255,-0.04021465401340568,-0.17673751330166332,-1.404283476140319,1
0.14016878986689119,-0.8809953822955564,-0.0352804883136885,-0.15600394141774435,0
-0.40667307422793525,0.8813740258382744,-0.7303290096181524,1.4416081808690824,0
-1.2886974918034526,0.054824835077007285,0.6355201710764067,0.22457498118419253,0
-1.2803768341997195,0.05547912056645736,0.6372697792764151,0.22497695809695645,0
-1.2025433535714136,0.6231792253521133,0.14092990934893868,-0.9782404602263534,1
-0.33779228304281766,1.3299377631522122,0.6056530778359228,0.42610486136459474,0
-0.6303729419963983,2.13375082708084,0.06620521613679019,0.7637519667712286,1
2.2390957677424503,-1.350932229467539,-0.01571929292666743,0.27892127711060244,0
-1.2748826041190375,0.2426710335773487,0.7624798061926216,0.12714693038226696,0
-0.29695608367181203,0.01959228499090852,0.6313506619722793,-0.1681275269947446,0
1.557415516365577,1.858861498077815,-0.6563640489388562,0.19218345331681735,0
0.21197711667049168,-1.398276481082105,-0.3675344193511796,0.12213245225223839,0
-1.253509430797268,0.05759180841189171,0.642919264154242,0.22627494154827096,0
-0.7673847238426291,-0.8764947885447721,-0.0382195005427169,0.26038483565996007,0
0.12107755264854532,-1.329420197379939,-1.2218965866693479,-0.8341883894676022,1
-1.1133401728347663,0.14461792729883113,-0.16285540864559483,-0.7188828003156608,1
-1.2659347686618592,-0.13014512441171172,0.5162518136074284,0.3237701224946279,0
-0.3883782477161777,0.8043324436551191,-0.6372074017584484,-0.2143629363092284,0
-0.7826921377712781,-0.690938589257506,0.08261650587346851,0.16154986566336094,0
-0.06703741484168914,0.34286394250831737,-1.03045341454565,-0.44326205939532304,1
3.9984736876154727,1.2254455845920358,-0.08059221547453754,0.6554809301832928,1
-1.2183713630336337,1.5438224030105363,0.6085582102217006,0.2348507427931931,1
-1.285694772833392,-0.01964300169644307,0.5865296654349292,0.2639582278405457,1
-1.240166211275544,-0.1654708191684556,0.4968592931020142,0.3446341114888803,0
-1.0773150228356612,-1.3502506042876026,-0.5393937311473114,-0.0186305383391257,0
-1.1909277155566036,0.6240926078953856,0.1433723623961504,-0.9776793004561349,0
-0.7673847238426291,-0.8764947885447721,-0.0382195005427169,0.26038483565996007,0
1.2024884461743206,-0.6467530587769346,-0.5975300937336204,-1.0958501219500973,1
-1.2507932553020937,0.020453415706626312,0.6186794541307046,0.24602525350571094,0
-0.5344205076841211,-0.4087911135793551,0.4467708542118004,0.5356819232159798,0
-0.883638875032202,-0.7362283977330853,0.03657920209012713,0.17629214825313233,0
-0.08087257433464318,2.290316210396102,-0.628687298966896,-0.18124978835316385,0
-1.2302560484632763,-0.14601555669173513,0.5113486050186441,0.3353033327442707,0
-1.0773150228356612,-1.3502506042876026,-0.5393937311473114,-0.0186305383391257,0
-1.1693798084251554,0.4390271227252071,0.023848562129970854,-0.8785428477749632,0
0.2913348932351747,0.07092821864458922,-0.2687146846350545,0.6436951311347605,0
-1.2585527744715137,-0.6151403388255013,0.19526172337811326,0.5791749424336572,0
-0.29807551218813433,1.823712874414871,-0.08722019508703849,0.9563773171950835,0
3.0259872881631997,-0.6476958575991816,-1.337108581844876,-0.14587732316219318,1
-1.215489224301901,-0.014122467879207899,0.6012919846224998,0.26734990804199077,1
-1.080376505621391,-1.3131393644301494,-0.5152265298640747,-0.03839753233844564,0
-0.8832810836912418,0.8774722477808296,-0.666839176584224,-0.2971293205897786,1
0.08327354993991747,1.587159654708515,0.8430574685982866,0.32873230307401735,0
-1.259181509962291,-0.3537259460997034,0.36880615286079416,0.44181092672032823,0
0.7622874013382283,0.2908056620631707,1.1164084593227435,0.2844213433512498,0
0.2840482427693665,1.7562705039686322,-0.17752116626937642,0.5438858875776945,1
-1.2779440869047674,0.27978227343480205,0.7866470074758587,0.1073799363829473,1
2.4103998946624805,-1.6349776163120415,-1.0630566280463747,-0.46854140120308335,1
-0.9222354825795478,0.7572768456734208,0.27430388169334036,-1.0235558614754325,1
-0.5604647825605447,1.1308570342363542,0.30072128805724824,0.010636087370411922,1
-1.2659347686618592,-0.13014512441171172,0.5162518136074284,0.3237701224946279,0
-1.2613630931503037,0.13167819674499256,0.6908897482151148,0.18665734235177656,0
-1.2581237612802332,0.3186927983882431,0.8156256313091188,0.08871837889372801,0
2.55593928824612,-0.19908186068351957,-1.1134045807729251,-0.42363386834700084,1
-1.233858121016279,0.20854497126551164,0.7462951923219225,0.14874794404607194,0
-1.2624016177134394,0.243652461811524,0.7651042184926342,0.1277498957514128,0
0.7898407464097962,-0.043195496653908566,0.8989036477736099,0.46232428934512804,1
0.12768780346129263,-0.8819768105297315,-0.037904900613701116,-0.15660690678689015,1
-1.2676020287157717,0.24324353338061774,0.764010713367629,0.12749866018093556,0
-0.9418070479610675,-0.03111484044147374,0.4957560264716329,-0.1992807377339435,0
0.2738713326047097,-0.6077178857888103,-0.7183601959848304,-1.1995695528084627,1
-1.2850954192504493,-0.29973569288023943,0.40057358377312835,0.4111303698823912,0
-1.2461040521591977,0.35698993069532464,0.8429639974548712,0.06967996804879278,0
-1.2158506404367158,-0.5744305287760726,0.22905176976139624,0.5616188214545386,0
1.4591932960749607,1.663077908733226,0.08379810229880168,1.198224961272716,0
-1.2228946029399703,-0.3135205901626408,0.4012472513218707,0.42394488154146875,0
0.11556255899366064,0.16916248843266865,-0.23124198655771014,0.5763461693663562,0
2.7218119281559265,-0.7887466096828124,-0.4517342849425783,-0.8851168781421954,1
-0.17603331183952972,2.0574213811940605,0.08730765098752498,0.8445587136020548,0
-1.1085224514891647,-1.7612541330389453,-0.5423303620771827,1.1946148534596313,0
-0.8231133833922695,1.5545390363858296,-0.20759048148304002,-0.6473662244281044,0
0.6650360260673346,0.5113245523728853,-0.9403583537505963,-0.9662238620403306,1
-0.122196793737952,-0.7124051221008335,-0.7129915213463071,-0.679994184967648,0
-1.0408447038211273,1.2012501957252515,-0.4766719931602202,-0.4813131558455923,1
5.973646283704514,-0.1544461973973191,-0.5436193552245391,-0.14080745245670823,1
0.06399006748856265,-1.708729083852542,-0.5971396579950499,0.2719358248221146,1
-0.4411422822192752,2.155007220357015,-1.802642026481802,0.6436045002190727,1
-1.2659347686618592,-0.13014512441171172,0.5162518136074284,0.3237701224946279,0
-0.946065279409657,-0.5158642862913168,0.31059124833520696,0.5550332533901151,0
-0.8848963460137572,-0.21339961228148963,0.38366806105548873,-0.09843588317352547,0
0.118016069862815,-1.2923089575224862,-1.197729385386111,-0.8539553834669219,1
1.5359851368654691,2.118640177079988,-0.48719363995619624,0.05381449532157889,0
-0.8133069656285752,-0.3198261906829736,0.32428851870583997,-0.036120074329837,0
-0.6691625035520128,-0.6807111992001834,-0.7783816517803749,-0.7456566722959388,1
-0.6793766432315419,-0.12123473516040921,-0.4083651889414823,-1.0404364983646093,1
0.998984426011236,-0.8881673393371069,0.0956832078484923,-0.07527576137597677,0
-1.1928924017291904,0.13706231203767746,0.705287274092983,0.18996521036691014,0
-1.0985520912310913,1.4195241813793293,0.5449297537084211,0.3108756452604478,1
-1.2504479480115382,0.020480568554438486,0.6187520628710049,0.24604193554759066,0
1.3071999636800358,-0.5960908722815433,-1.5744681126081987,-0.327008624532025,1
-0.887667479456732,-1.1112260279066308,-0.35065031844768024,-0.12718307951594796,0
-1.1402184588810074,-0.7552431582648257,0.12090042279527118,0.6633681240686756,0
-0.2543870943469513,-0.1251681392760824,-0.3438123828145965,-1.0002858580844034,1
-1.2229939723240564,0.7336270423717579,0.2110625436958388,-1.038085718964195,1
-1.1876904330895264,0.24952729122129624,0.7808139505205092,0.1313592464511197,0
-1.2718783275116468,0.2802592475566111,0.787922471853665,0.1076729775523523,0
-1.2596323963687275,0.13181428812679824,0.6912536667207163,0.18674095354963133,0
2.6079844956035254,-0.8299729382602244,-1.5242470025879564,-0.0875949703585646,1
-0.0958071335607328,0.5647135247912243,-0.8876372170962374,-0.5623664945321966,1
-1.22901756851143,-0.23929811044773427,0.44958165388834487,0.38441089354282926,0
-1.06461804965292,0.4846169210976993,0.07068806127301608,-0.8931008239502325,0
-0.9050692545323102,-0.4764497187309127,0.2057496110727871,0.03792319025789393,0
-1.2886974918034526,0.05482483507700729,0.6355201710764067,0.22457498118419253,0
0.18438278767256872,2.774626994889895,-3.3464807898581195,1.9463414910797607,0
-0.8041225172713864,-0.4311599102553332,0.2517869148561284,0.02318090766812224,0
0.19859173394302024,-0.20276567480407492,-0.4612690228692641,-1.4190163713648,1
-0.40335682029494074,2.227606050763915,-0.7213079210754598,-0.17721014106573005,0
0.13098434150970148,-0.7696616627231966,0.03722111553602283,-0.2153049234157039,1
-1.2381448106902806,-0.20266384471209012,0.47247339079377604,0.3643508583741045,0
