PC_1,PC_2,target
1.4137438160066473,-0.02432521100728852,0
0.8313817959534203,-0.8488141568794775,0
1.1723482567733459,-0.6459577455988896,0
1.0507227397547447,-0.8216467305143215,0
1.5778365860858468,0.08080849077544017,0
1.7368893888458896,0.754610983327496,0
1.4253478715032908,-0.3669167292019846,0
1.3048992196495712,-0.20742518820758982,0
0.8713763090251685,-1.2100796617695315,0
0.9770695557543747,-0.7122548156560169,0
1.5590756995443982,0.4067963540991426,0
1.3601473933716954,-0.28539146362516266,0
0.8937868007203492,-0.910176777426057,0
1.102202298664048,-1.145852923536769,0
1.8515949414238004,0.9987849195512664,0
2.3107987030303425,1.6069665784811684,0
1.7880130714919902,0.7249670141880191,0
1.385353358431543,-0.005651224311930599,0
1.533157981958145,0.7161805625518508,0
1.7628071064321431,0.445226774874787,0
1.143279189559222,-0.021848668232967647,0
1.6043384259696647,0.31607842593619623,0
1.7650184574992462,-0.11959001376892062,0
1.0300732355220088,-0.24171494533450547,0
1.32180463138712,-0.2631584867705551,0
0.7718054074385456,-0.7913035384585182,0
1.2353373838378379,-0.1626662225320041,0
1.3669483481532974,0.02577441512880167,0
1.2496510459274472,-0.12945891279001717,0
1.1340054947887697,-0.6237247687442817,0
0.9699127247095702,-0.7288584705270107,0
1.1120601157320644,0.0006773205880104108,0
2.1758081430526515,0.8940344422371395,0
2.1882331874509746,1.1811856738352409,0
0.9486790981792705,-0.6935808289606588,0
1.0830855358593967,-0.5253028363300958,0
1.2904665479008737,0.13901833211272596,0
1.6402415908527752,0.01944587022886106,0
1.0142354525740689,-1.0696683184204512,0
1.2708846724577467,-0.164736554356369,0
1.4321488262848927,-0.05575085044802034,0
0.041282887595514066,-2.043062047311518,0
1.2743918983488194,-0.7740236471525522,0
1.3086346915750051,0.022504086492661942,0
1.6832929662109384,0.49354473070962207,0
0.8370058855701411,-0.8728288040353405,0
1.778416643345722,0.433963780464298,0
1.1935818833036453,-0.6812353871652412,0
1.5930902467362231,0.36410772024792143,0
1.1876019174237211,-0.36265851612640854,0
-0.3852231220317254,0.8119424110090434,1
-0.18396445513283147,0.559662610027338,1
-0.5352390966254307,0.65492741278897,1
-0.9278520179349524,-1.2293390501542583,1
-0.751072814535682,0.01847289362762978,1
-0.40939460118935184,-0.3677951428577233,1
-0.07382398395178653,0.6982922830751623,1
-0.419048694540641,-1.4455474237077934,1
-0.5982282236899231,0.17163588972208343,1
-0.3211050217235563,-0.7548526147616338,1
-0.9989379746050163,-1.9793261478226316,1
-0.2357054029638833,0.02834179264872665,1
-1.142831604056138,-1.2197401766181775,1
-0.46932686596742934,-0.01572230055379363,1
-0.1302735451564252,-0.3293603716388177,1
-0.37491494135905123,0.5138211969668237,1
-0.17200452337298464,-0.07749113205032877,1
-0.4371923158971381,-0.558594773866003,1
-1.4167175896229334,-1.0039380140145984,1
-0.6321482835402931,-0.9357647107107242,1
-0.137405853883596,0.4244743777119156,1
-0.48154818664902427,-0.23409556887718586,1
-1.1116211507987337,-0.48813840412205267,1
-0.5426241737045964,-0.20089260957845959,1
-0.49185636732169874,0.06402564516503444,1
-0.4709786170546017,0.32331022748165283,1
-0.8502878398591024,0.14268679305567258,1
-0.6668500609408897,0.46648677512816406,1
-0.43814093502765855,-0.05455893227939454,1
-0.45657046762353776,-0.7935716970603884,1
-0.7154310385743186,-1.1336866724807635,1
-0.6742596603376894,-1.159771651460991,1
-0.46841138972429597,-0.5360687850450249,1
-0.8033733623466633,-0.28706366314271947,1
-0.10397542898933564,-0.16286839975277034,1
0.18385972183411298,0.7032267325857108,1
-0.4416481609187308,0.5547281605167895,1
-1.25109207811565,-0.8581860102050141,1
-0.0640999255766758,-0.14448307458052206,1
-0.6676955721602017,-0.9336943788863591,1
-0.5603505743438231,-0.7749020608082909,1
-0.3264677224185287,0.12468904279528673,1
-0.6112705332731964,-0.6764801283941052,1
-0.5831414646198411,-1.5506811254905222,1
-0.4671155149003262,-0.5805390891975009,1
-0.08250493585492169,-0.11305743513978994,1
-0.24097361631740105,-0.24220578407838125,1
-0.42382727293804934,-0.021351622537407515,1
-0.34704726162744337,-1.2159068105306514,1
-0.35827091854325116,-0.39743911199720017,1
-0.49549007072755014,0.9627010630366859,2
-0.8205156406883263,-0.3164189707590868,2
-1.031498365962331,0.7786361878783031,2
-0.7659460766052213,0.21104984449390413,2
-0.8430206197249621,0.533767379181467,2
-1.2910375465521304,1.0439563031284924,2
-0.6410747226172963,-1.0780752737879058,2
-1.195557993154144,0.6898131290001978,2
-1.4478789982450706,-0.1946629780672711,2
-0.4241672474533713,1.7977767668843923,2
-0.4366168141693273,0.7401871310645652,2
-1.0501647651623245,-0.045465183082022576,2
-0.8783310417407563,0.6209263171851637,2
-1.0622670761848314,-0.6434892814677177,2
-0.832389705676472,-0.07522670164834674,2
-0.5133354810258652,0.7683424418691575,2
-0.6911160274399704,0.4368384555454265,2
-0.3255976888815831,2.295308601031536,2
-1.9404886624282385,0.5549365446892399,2
-1.4125930985469097,-1.052260320292694,2
-0.7345318996310891,1.011429580264739,2
-0.6252369396693561,-0.25012190070195994,2
-1.5695990026051265,0.7797372713013253,2
-0.9366360777492954,-0.1364717727680788,2
-0.47964366720985707,1.0365266748055293,2
-0.7329660153156181,1.0683585251962182,2
-0.7597623870085708,-0.03874906327021992,2
-0.4783723147035206,0.22161796643132733,2
-1.0152102194097337,0.1619381027972503,2
-0.9107797046171101,0.7205438959678641,2
-1.3624793794853975,0.5885314293430892,2
-0.2985031061304491,2.3211049184886536,2
-1.0436006769848376,0.1806120894926085,2
-0.7469483234596588,-0.029849412650466214,2
-0.9745898205832807,-0.3924903768918186,2
-1.317928405586537,1.0869379489460835,2
-0.2858977076189701,1.0622054428358005,2
-0.5270232573607706,0.5419721573281552,2
-0.43157684685017095,0.17151834029523733,2
-0.7694864453836809,0.8040262943854651,2
-0.8121905650483938,0.7894929713388363,2
-0.7879245985493134,0.8191412909215741,2
-0.8205156406883263,-0.3164189707590868,2
-0.7260791937623147,0.9835629309832562,2
-0.5932054975102733,1.111222621586962,2
-0.8627546477145643,0.5933526798700517,2
-1.2379639017606752,-0.40603146505575066,2
-0.7095541806056029,0.45195345208153526,2
-0.19793086152899114,0.9860208377194831,2
-0.43590506164292186,0.15106268329862416,2
